Workbook

Sheet MER

Sheet Entidades
A1: Entidad | B1: Desripción
A2: TipoDocumento | B2: Entidad que contiene la información de los diferentes tipos de documento
A3: Genero | B3: Entidad que contiene la información de los diferentes géneros
A4: Administrador | B4: Entidad que contiene la información de los administradores
A5: Facultad | B5: Entidad que contiene la información de las diferentes facultades
A6: Programa | B6: Entidad que contiene la información de los programas académicos
A7: Entrenador | B7: Entidad que contiene la información de los entrenadores
A8: EntrenadorFacultad | B8: Entidad que contiene la información de la relación entre entrenadores y facultades
A9: Estudiante | B9: Entidad que contiene la información de los estudiantes
A10: EstudiantePrograma | B10: Entidad que contiene la información de la relación entre estudiantes y programas
A11: Estado | B11: Entidad que contiene la información de los diferentes estados para demás entidades
A12: EntrenamientoCognitivo | B12: Entidad que contiene la información del entrenamiento cognitivo
... A16: SesionEntrenamiento | B16: Entidad que contiene la información de las sesiones de entrenamiento

Sheet TipoDocumento
A1: <-Volver al inicio
A2: =Entidades!$A$1 -> Entidad | B2: =Entidades!A2 -> TipoDocumento
A3: =Entidades!$B$1 -> Desripción | B3: =Entidades!B2 -> Entidad que contiene la información de los diferentes tipos de documento
A4: Atributos
A5: Nombre | B5: Tipo de dato | C5: Longitud | D5: Cantidad dígitos parte entera | E5: Cantidad dígitos parte decimal (Precisión) | F5: ¿Es autoincremento? | G5: ¿Es obligatorio? | H5: ¿Es llave primeria o es parte de ella? | I5: Llave Foránea | L5: Restricciones de unicidad | N5: Restricciones de chequeo | P5: Restricciones de índice | S5: Alias | T5: Descripción del campo
I6: ¿Es llave foránea? | J6: Entidad | K6: Columna(s) | L6: ¿Posee restricción de unicidad o es parte de ella? | M6: Nombre restricción unicidad a la que pertenece | N6: ¿Posee restricción de chequeo o es parte de ella? | O6: Nombre restricción chequeo a la que pertenece | P6: ¿Posee restricción de índice o es parte de ella? | Q6: Tipo | R6: Nombre restricción índice a la que pertenece
A7: id | B7: UUID | F7: NO | G7: SI | H7: SI | I7: NO | L7: NO | N7: NO | P7: NO | R7: NO | T7: Id del registro
A8: sigla | B8: VARCHAR | C8: 5 | F8: NO | G8: SI | H8: NO | I8: NO | L8: SI | M8: CCTipoDocumento001UQ | N8: SI | O8: CCTipoDocumento001CHK | P8: NO | R8: NO | T8: Siglas para el tipo de documento
A9: nombre | B9: VARCHAR | C9: 50 | F9: NO | G9: SI | H9: NO | I9: NO | L9: SI | M9: CCTipoDocumento002UQ | N9: SI | O9: CCTipoDocumento002CHK | P9: NO | R9: NO | T9: Nombre del tipo de documento

Sheet Valores
A1: Relación | B1: Tipo relación | C1: Estado | D1: TipoIndice
A2: Necesita de | B2: Asociación | C2: SI | D2: ASC
A3: Es usada por | C3: NO | D3: DESC

Sheet Genero
A1: <-Volver al inicio
A2: =Entidades!$A$1 -> Entidad | B2: =Entidades!A3 -> Genero
A3: =Entidades!$B$1 -> Desripción | B3: =Entidades!B3 -> Entidad que contiene la información de los diferentes géneros
A4: Atributos
A5: Nombre | B5: Tipo de dato | C5: Longitud | D5: Cantidad dígitos parte entera | E5: Cantidad dígitos parte decimal (Precisión) | F5: ¿Es autoincremento? | G5: ¿Es obligatorio? | H5: ¿Es llave primeria o es parte de ella? | I5: Llave Foránea | L5: Restricciones de unicidad | N5: Restricciones de chequeo | P5: Restricciones de índice | S5: Alias | T5: Descripción del campo
I6: ¿Es llave foránea? | J6: Entidad | K6: Columna(s) | L6: ¿Posee restricción de unicidad o es parte de ella? | M6: Nombre restricción unicidad a la que pertenece | N6: ¿Posee restricción de chequeo o es parte de ella? | O6: Nombre restricción chequeo a la que pertenece | P6: ¿Posee restricción de índice o es parte de ella? | Q6: Tipo | R6: Nombre restricción índice a la que pertenece
A7: id | B7: UUID | F7: NO | G7: SI | H7: SI | I7: NO | L7: NO | N7: NO | P7: NO | R7: NO | T7: Id del registro
A8: nombre | B8: VARCHAR | C8: 20 | F8: NO | G8: SI | H8: NO | I8: NO | L8: SI | M8: CCGenero001UQ | N8: SI | O8: CCGenero001CHK | P8: NO | R8: NO | T8: Nombre del genero

Sheet Programa
A1: <-Volver al inicio
A2: =Entidades!$A$1 -> Entidad | B2: =Entidades!A6 -> Programa
A3: =Entidades!$B$1 -> Desripción | B3: =Entidades!B6 -> Entidad que contiene la información de los programas académicos
A4: Atributos
A5: Nombre | B5: Tipo de dato | C5: Longitud | D5: Cantidad dígitos parte entera | E5: Cantidad dígitos parte decimal (Precisión) | F5: ¿Es autoincremento? | G5: ¿Es obligatorio? | H5: ¿Es llave primeria o es parte de ella? | I5: Llave Foránea | L5: Restricciones de unicidad | N5: Restricciones de chequeo | P5: Restricciones de índice | S5: Alias | T5: Descripción del campo
I6: ¿Es llave foránea? | J6: Entidad | K6: Columna(s) | L6: ¿Posee restricción de unicidad o es parte de ella? | M6: Nombre restricción unicidad a la que pertenece | N6: ¿Posee restricción de chequeo o es parte de ella? | O6: Nombre restricción chequeo a la que pertenece | P6: ¿Posee restricción de índice o es parte de ella? | Q6: Tipo | R6: Nombre restricción índice a la que pertenece
A7: id | B7: UUID | F7: NO | G7: SI | H7: SI | I7: NO | L7: NO | N7: NO | P7: NO | R7: NO | T7: Id del registro
A8: facultad | B8: UUID | F8: NO | G8: SI | H8: NO | I8: SI | J8: Facultad | K8: id | L8: NO | N8: NO | P8: NO | R8: NO | T8: Facultad a la que pertenece
A9: snies | B9: VARCHAR | C9: 10 | F9: NO | G9: SI | H9: NO | I9: NO | L9: SI | M9: CCPrograma001UQ | N9: SI | O9: CCPrograma002CHK | P9: NO | R9: NO | T9: Código SNIES del programa
A10: nombre | B10: VARCHAR | C10: 50 | F10: NO | G10: SI | H10: NO | I10: NO | L10: SI | M10: CCPrograma002UQ | N10: SI | O10: CCPrograma001CHK | P10: NO | R10: NO | T10: Nombre del programa

Sheet Administrador
A1: <-Volver al inicio
A2: =Entidades!$A$1 -> Entidad | B2: =Entidades!A4 -> Administrador
A3: =Entidades!$B$1 -> Desripción | B3: =Entidades!B4 -> Entidad que contiene la información de los administradores
A4: Atributos
A5: Nombre | B5: Tipo de dato | C5: Longitud | D5: Cantidad dígitos parte entera | E5: Cantidad dígitos parte decimal (Precisión) | F5: ¿Es autoincremento? | G5: ¿Es obligatorio? | H5: ¿Es llave primeria o es parte de ella? | I5: Llave Foránea | L5: Restricciones de unicidad | N5: Restricciones de chequeo | P5: Restricciones de índice | S5: Alias | T5: Descripción del campo
I6: ¿Es llave foránea? | J6: Entidad | K6: Columna(s) | L6: ¿Posee restricción de unicidad o es parte de ella? | M6: Nombre restricción unicidad a la que pertenece | N6: ¿Posee restricción de chequeo o es parte de ella? | O6: Nombre restricción chequeo a la que pertenece | P6: ¿Posee restricción de índice o es parte de ella? | Q6: Tipo | R6: Nombre restricción índice a la que pertenece
A7: id | B7: UUID | F7: NO | G7: SI | H7: SI | I7: NO | L7: NO | N7: NO | P7: NO | R7: NO | T7: Id del registro
A8: tipoDocumento | B8: UUID | F8: NO | G8: SI | H8: NO | I8: SI | J8: TipoDocumento | K8: id | L8: SI | M8: CCAdministrador001UQ | N8: NO | P8: NO | R8: NO | T8: Tipo de documento
A9: nombres | B9: VARCHAR | C9: 200 | F9: NO | G9: SI | H9: NO | I9: NO | L9: NO | N9: SI | O9: CCAdministrador003CHK | P9: NO | R9: NO | T9: Nombres del administrador
A10: apellidos | B10: VARCHAR | C10: 200 | F10: NO | G10: SI | H10: NO | I10: NO | L10: NO | N10: SI | O10: CCAdministrador004CHK | P10: NO | R10: NO | T10: Apellidos del administrador
A11: numeroDocumento | B11: VARCHAR | C11: 20 | F11: NO | G11: SI | H11: NO | I11: NO | L11: SI | M11: CCAdministrador001UQ | N11: SI | O11: CCAdministrador002CHK | P11: NO | R11: NO | T11: Número de documento
A12: fechaInicio | B12: TIMESTAMP | F12: NO | G12: SI | H12: NO | I12: NO | L12: NO | N12: NO | P12: NO | R12: NO | T12: Fecha de Inicio del administrador
A13: fechaFin | B13: TIMESTAMP | F13: NO | G13: SI | H13: NO | I13: NO | L13: NO | N13: SI | O13: CCAdministrador001CHK | P13: NO | R13: NO | T13: Fecha de fin del administrador

Sheet Facultad
A1: <-Volver al inicio
A2: =Entidades!$A$1 -> Entidad | B2: =Entidades!A5 -> Facultad
A3: =Entidades!$B$1 -> Desripción | B3: =Entidades!B5 -> Entidad que contiene la información de las diferentes facultades
A4: Atributos
A5: Nombre | B5: Tipo de dato | C5: Longitud | D5: Cantidad dígitos parte entera | E5: Cantidad dígitos parte decimal (Precisión) | F5: ¿Es autoincremento? | G5: ¿Es obligatorio? | H5: ¿Es llave primeria o es parte de ella? | I5: Llave Foránea | L5: Restricciones de unicidad | N5: Restricciones de chequeo | P5: Restricciones de índice | S5: Alias | T5: Descripción del campo
I6: ¿Es llave foránea? | J6: Entidad | K6: Columna(s) | L6: ¿Posee restricción de unicidad o es parte de ella? | M6: Nombre restricción unicidad a la que pertenece | N6: ¿Posee restricción de chequeo o es parte de ella? | O6: Nombre restricción chequeo a la que pertenece | P6: ¿Posee restricción de índice o es parte de ella? | Q6: Tipo | R6: Nombre restricción índice a la que pertenece
A7: id | B7: UUID | F7: NO | G7: SI | H7: SI | I7: NO | L7: NO | N7: NO | P7: NO | R7: NO | T7: Id del registro
A8: nombre | B8: VARCHAR | C8: 50 | F8: NO | G8: SI | H8: NO | I8: SI | J8: TipoDocumento | K8: id | L8: SI | M8: CCFacultad001UQ | N8: SI | O8: CCFacultad001CHK | P8: NO | R8: NO | T8: Nombre de la facultad

Sheet Entrenador
A1: <-Volver al inicio
A2: =Entidades!$A$1 -> Entidad | B2: =Entidades!A7 -> Entrenador
A3: =Entidades!$B$1 -> Desripción | B3: =Entidades!B7 -> Entidad que contiene la información de los entrenadores
A4: Atributos
A5: Nombre | B5: Tipo de dato | C5: Longitud | D5: Cantidad dígitos parte entera | E5: Cantidad dígitos parte decimal (Precisión) | F5: ¿Es autoincremento? | G5: ¿Es obligatorio? | H5: ¿Es llave primeria o es parte de ella? | I5: Llave Foránea | L5: Restricciones de unicidad | N5: Restricciones de chequeo | P5: Restricciones de índice | S5: Alias | T5: Descripción del campo
I6: ¿Es llave foránea? | J6: Entidad | K6: Columna(s) | L6: ¿Posee restricción de unicidad o es parte de ella? | M6: Nombre restricción unicidad a la que pertenece | N6: ¿Posee restricción de chequeo o es parte de ella? | O6: Nombre restricción chequeo a la que pertenece | P6: ¿Posee restricción de índice o es parte de ella? | Q6: Tipo | R6: Nombre restricción índice a la que pertenece
A7: id | B7: UUID | F7: NO | G7: SI | H7: SI | I7: NO | L7: NO | N7: NO | P7: NO | R7: NO | T7: Id del registro
A8: tipoDocumento | B8: UUID | F8: NO | G8: SI | H8: NO | I8: SI | J8: TipoDocumento | K8: id | L8: SI | M8: CCEntrenador001UQ | N8: NO | P8: NO | R8: NO | T8: Tipo de documento
A9: nombres | B9: VARCHAR | C9: 200 | F9: NO | G9: SI | H9: NO | I9: NO | L9: NO | N9: SI | O9: CCEntrenador004CHK | P9: NO | R9: NO | T9: Nombres del entrenador
A10: apellidos | B10: VARCHAR | C10: 200 | F10: NO | G10: SI | H10: NO | I10: NO | L10: NO | N10: SI | O10: CCEntrenador005CHK | P10: NO | R10: NO | T10: Apellidos del entrenador
A11: numeroDocumento | B11: VARCHAR | C11: 20 | F11: NO | G11: SI | H11: NO | I11: NO | L11: SI | M11: CCEntrenador001UQ | N11: SI | O11: CCEntrenador003CHK | P11: NO | R11: NO | T11: Número de documento
A12: fechaInicio | B12: TIMESTAMP | F12: NO | G12: SI | H12: NO | I12: NO | L12: NO | N12: NO | P12: NO | R12: NO | T12: Fecha de Inicio del entrenador
A13: fechaFin | B13: TIMESTAMP | F13: NO | G13: SI | H13: NO | I13: NO | L13: NO | N13: SI | O13: CCEntrenador001CHK | P13: NO | R13: NO | T13: Fecha de fin del entrenador
A14: correo | B14: VARCHAR | C14: 300 | F14: NO | G14: SI | H14: NO | I14: NO | L14: SI | M14: CCEntrenador002UQ | N14: SI | O14: CCEntrenador002CHK | P14: NO | R14: NO | T14: Correo del entrenador

Sheet EntrenadorFacultad
A1: <-Volver al inicio
A2: =Entidades!$A$1 -> Entidad | B2: =Entidades!A8 -> EntrenadorFacultad
A3: =Entidades!$B$1 -> Desripción | B3: =Entidades!B8 -> Entidad que contiene la información de la relación entre entrenadores y facultades
A4: Atributos
A5: Nombre | B5: Tipo de dato | C5: Longitud | D5: Cantidad dígitos parte entera | E5: Cantidad dígitos parte decimal (Precisión) | F5: ¿Es autoincremento? | G5: ¿Es obligatorio? | H5: ¿Es llave primeria o es parte de ella? | I5: Llave Foránea | L5: Restricciones de unicidad | N5: Restricciones de chequeo | P5: Restricciones de índice | S5: Alias | T5: Descripción del campo
I6: ¿Es llave foránea? | J6: Entidad | K6: Columna(s) | L6: ¿Posee restricción de unicidad o es parte de ella? | M6: Nombre restricción unicidad a la que pertenece | N6: ¿Posee restricción de chequeo o es parte de ella? | O6: Nombre restricción chequeo a la que pertenece | P6: ¿Posee restricción de índice o es parte de ella? | Q6: Tipo | R6: Nombre restricción índice a la que pertenece
A7: id | B7: UUID | F7: NO | G7: SI | H7: SI | I7: NO | L7: NO | N7: NO | P7: NO | R7: NO | T7: Id del registro
A8: entrenador | B8: UUID | F8: NO | G8: SI | H8: NO | I8: SI | J8: Entrenador | K8: id | L8: SI | M8: CCEntrenadorFacultad001UQ | N8: NO | P8: NO | R8: NO | T8: Id del entrenador
A9: facultad | B9: UUID | F9: NO | G9: SI | H9: NO | I9: SI | J9: Facultad | K9: id | L9: SI | M9: CCEntrenadorFacultad001UQ | N9: NO | P9: NO | R9: NO | T9: Id de la facultad

Sheet Estudiante
A1: <-Volver al inicio
A2: =Entidades!$A$1 -> Entidad | B2: =Entidades!A9 -> Estudiante
A3: =Entidades!$B$1 -> Desripción | B3: =Entidades!B9 -> Entidad que contiene la información de los estudiantes
A4: Atributos
A5: Nombre | B5: Tipo de dato | C5: Longitud | D5: Cantidad dígitos parte entera | E5: Cantidad dígitos parte decimal (Precisión) | F5: ¿Es autoincremento? | G5: ¿Es obligatorio? | H5: ¿Es llave primeria o es parte de ella? | I5: Llave Foránea | L5: Restricciones de unicidad | N5: Restricciones de chequeo | P5: Restricciones de índice | S5: Alias | T5: Descripción del campo
I6: ¿Es llave foránea? | J6: Entidad | K6: Columna(s) | L6: ¿Posee restricción de unicidad o es parte de ella? | M6: Nombre restricción unicidad a la que pertenece | N6: ¿Posee restricción de chequeo o es parte de ella? | O6: Nombre restricción chequeo a la que pertenece | P6: ¿Posee restricción de índice o es parte de ella? | Q6: Tipo | R6: Nombre restricción índice a la que pertenece
A7: id | B7: UUID | F7: NO | G7: SI | H7: SI | I7: NO | L7: NO | N7: NO | P7: NO | R7: NO | T7: Id del registro
A8: tipoDocumento | B8: UUID | F8: NO | G8: SI | H8: NO | I8: SI | J8: TipoDocumento | K8: id | L8: SI | M8: CCEstudiante001UQ | N8: NO | P8: NO | R8: NO | T8: Tipo de documento
A9: genero | B9: UUID | F9: NO | G9: SI | H9: NO | I9: SI | J9: Genero | K9: id | L9: NO | N9: NO | P9: NO | R9: NO | T9: Genero del estudiante
A10: nombres | B10: VARCHAR | C10: 200 | F10: NO | G10: SI | H10: NO | I10: NO | L10: NO | N10: SI | O10: CCEstudiante004CHK | P10: NO | R10: NO | T10: Nombres del estudiante
A11: apellidos | B11: VARCHAR | C11: 200 | F11: NO | G11: SI | H11: NO | I11: NO | L11: NO | N11: SI | O11: CCEstudiante005CHK | P11: NO | R11: NO | T11: Apellidos del estudiante
A12: numeroDocumento | B12: VARCHAR | C12: 20 | F12: NO | G12: SI | H12: NO | I12: NO | L12: SI | M12: CCEstudiante001UQ | N12: SI | O12: CCEstudiante003CHK | P12: NO | R12: NO | T12: Número de documento
A13: fechaNacimiento | B13: TIMESTAMP | F13: NO | G13: SI | H13: NO | I13: NO | L13: NO | N13: NO | O13: CCEstudiante001CHK | P13: NO | R13: NO | T13: Fecha de nacimiento del estudiante
A14: correo | B14: VARCHAR | C14: 300 | F14: NO | G14: SI | H14: NO | I14: NO | L14: SI | M14: CCEstudiante002UQ | N14: SI | O14: CCEstudiante002CHK | P14: NO | R14: NO | T14: Correo del estudiante

Sheet EstudiantePrograma
A1: <-Volver al inicio
A2: =Entidades!$A$1 -> Entidad | B2: =Entidades!A10 -> EstudiantePrograma
A3: =Entidades!$B$1 -> Desripción | B3: =Entidades!B10 -> Entidad que contiene la información de la relación entre estudiantes y programas
A4: Atributos
A5: Nombre | B5: Tipo de dato | C5: Longitud | D5: Cantidad dígitos parte entera | E5: Cantidad dígitos parte decimal (Precisión) | F5: ¿Es autoincremento? | G5: ¿Es obligatorio? | H5: ¿Es llave primeria o es parte de ella? | I5: Llave Foránea | L5: Restricciones de unicidad | N5: Restricciones de chequeo | P5: Restricciones de índice | S5: Alias | T5: Descripción del campo
I6: ¿Es llave foránea? | J6: Entidad | K6: Columna(s) | L6: ¿Posee restricción de unicidad o es parte de ella? | M6: Nombre restricción unicidad a la que pertenece | N6: ¿Posee restricción de chequeo o es parte de ella? | O6: Nombre restricción chequeo a la que pertenece | P6: ¿Posee restricción de índice o es parte de ella? | Q6: Tipo | R6: Nombre restricción índice a la que pertenece
A7: id | B7: UUID | F7: NO | G7: SI | H7: SI | I7: NO | L7: NO | N7: NO | P7: NO | R7: NO | T7: Id del registro
A8: estudiante | B8: UUID | F8: NO | G8: SI | H8: NO | I8: SI | J8: Estudiante | K8: id | L8: SI | M8: CCEstudiantePrograma001UQ | N8: NO | P8: NO | R8: NO | T8: Id del estudiante
A9: programa | B9: UUID | F9: NO | G9: SI | H9: NO | I9: SI | J9: Programa | K9: id | L9: SI | M9: CCEstudiantePrograma001UQ | N9: NO | P9: NO | R9: NO | T9: Id del programa

Sheet Estado
A1: <-Volver al inicio
A2: =Entidades!$A$1 -> Entidad | B2: =Entidades!A11 -> Estado
A3: =Entidades!$B$1 -> Desripción | B3: =Entidades!B11 -> Entidad que contiene la información de los diferentes estados para demás entidades
A4: Atributos
A5: Nombre | B5: Tipo de dato | C5: Longitud | D5: Cantidad dígitos parte entera | E5: Cantidad dígitos parte decimal (Precisión) | F5: ¿Es autoincremento? | G5: ¿Es obligatorio? | H5: ¿Es llave primeria o es parte de ella? | I5: Llave Foránea | L5: Restricciones de unicidad | N5: Restricciones de chequeo | P5: Restricciones de índice | S5: Alias | T5: Descripción del campo
I6: ¿Es llave foránea? | J6: Entidad | K6: Columna(s) | L6: ¿Posee restricción de unicidad o es parte de ella? | M6: Nombre restricción unicidad a la que pertenece | N6: ¿Posee restricción de chequeo o es parte de ella? | O6: Nombre restricción chequeo a la que pertenece | P6: ¿Posee restricción de índice o es parte de ella? | Q6: Tipo | R6: Nombre restricción índice a la que pertenece
A7: id | B7: UUID | F7: NO | G7: SI | H7: SI | I7: NO | L7: NO | N7: NO | P7: NO | R7: NO | T7: Id del registro
A8: nombre | B8: VARCHAR | C8: 20 | F8: NO | G8: SI | H8: NO | I8: NO | L8: SI | M8: CCEstado001UQ | N8: SI | O8: CCEstado001CHK | P8: NO | R8: NO | T8: Nombre del estado
A9: codigo | B9: VARCHAR | C9: 50 | F9: NO | G9: SI | H9: NO | I9: NO | L9: SI | M9: CCEstado002UQ | N9: SI | O9: CCEstado002CHK | P9: NO | R9: NO | T9: Codigo del estado

Sheet EntrenamientoCognitivo
A1: <-Volver al inicio
A2: =Entidades!$A$1 -> Entidad | B2: =Entidades!A12 -> EntrenamientoCognitivo
A3: =Entidades!$B$1 -> Desripción | B3: =Entidades!B12 -> Entidad que contiene la información del entrenamiento cognitivo
A4: Atributos
A5: Nombre | B5: Tipo de dato | C5: Longitud | D5: Cantidad dígitos parte entera | E5: Cantidad dígitos parte decimal (Precisión) | F5: ¿Es autoincremento? | G5: ¿Es obligatorio? | H5: ¿Es llave primeria o es parte de ella? | I5: Llave Foránea | L5: Restricciones de unicidad | N5: Restricciones de chequeo | P5: Restricciones de índice | S5: Alias | T5: Descripción del campo
I6: ¿Es llave foránea? | J6: Entidad | K6: Columna(s) | L6: ¿Posee restricción de unicidad o es parte de ella? | M6: Nombre restricción unicidad a la que pertenece | N6: ¿Posee restricción de chequeo o es parte de ella? | O6: Nombre restricción chequeo a la que pertenece | P6: ¿Posee restricción de índice o es parte de ella? | Q6: Tipo | R6: Nombre restricción índice a la que pertenece
A7: id | B7: UUID | F7: NO | G7: SI | H7: SI | I7: NO | L7: NO | N7: NO | P7: NO | R7: NO | T7: Id del registro
A8: estudiante | B8: UUID | F8: NO | G8: SI | H8: NO | I8: SI | J8: Estudiante | K8: id | L8: SI | M8: CCEntrenamientoCognitivo001UQ | N8: NO | P8: NO | R8: NO | T8: Id del estudiante
A9: estado | B9: UUID | F9: NO | G9: SI | H9: NO | I9: SI | J9: Estado | K9: id | L9: NO | N9: NO | P9: NO | R9: NO | T9: Id del estado actual del entrenamiento
A10: fechaInicio | B10: TIMESTAMP | F10: NO | G10: SI | H10: NO | I10: NO | L10: NO | N10: NO | P10: NO | R10: NO | T10: Fecha de inicio del entrenamiento
A11: fechaFin | B11: TIMESTAMP | F11: NO | G11: SI | H11: NO | I11: NO | L11: NO | N11: SI | O11: CCEntrenamientoCognitivo001CHK | P11: NO | R11: NO | T11: Fecha de fin del entrenamiento

Sheet EntrenadorEntrenamiento
A1: <-Volver al inicio
A2: =Entidades!$A$1 -> Entidad | B2: =Entidades!A13 -> EntrenadorEntrenamiento
A3: =Entidades!$B$1 -> Desripción | B3: =Entidades!B13 -> Entidad que contiene la información de la relación entre entrenadores y entrenamientos
A4: Atributos
A5: Nombre | B5: Tipo de dato | C5: Longitud | D5: Cantidad dígitos parte entera | E5: Cantidad dígitos parte decimal (Precisión) | F5: ¿Es autoincremento? | G5: ¿Es obligatorio? | H5: ¿Es llave primeria o es parte de ella? | I5: Llave Foránea | L5: Restricciones de unicidad | N5: Restricciones de chequeo | P5: Restricciones de índice | S5: Alias | T5: Descripción del campo
I6: ¿Es llave foránea? | J6: Entidad | K6: Columna(s) | L6: ¿Posee restricción de unicidad o es parte de ella? | M6: Nombre restricción unicidad a la que pertenece | N6: ¿Posee restricción de chequeo o es parte de ella? | O6: Nombre restricción chequeo a la que pertenece | P6: ¿Posee restricción de índice o es parte de ella? | Q6: Tipo | R6: Nombre restricción índice a la que pertenece
A7: id | B7: UUID | F7: NO | G7: SI | H7: SI | I7: NO | L7: NO | N7: NO | P7: NO | R7: NO | T7: Id del registro
A8: entrenador | B8: UUID | F8: NO | G8: SI | H8: NO | I8: SI | J8: Entrenador | K8: id | L8: SI | M8: CCEntrenadorEntrenamiento001UQ | N8: NO | P8: NO | R8: NO | T8: Id del entrenador
A9: entrenamientoCognitivo | B9: UUID | F9: NO | G9: SI | H9: NO | I9: SI | J9: Programa | K9: id | L9: SI | M9: CCEntrenadorEntrenamiento001UQ | N9: NO | P9: NO | R9: NO | T9: Id del entrenamiento cognitivo

Sheet VariableCognitiva
A1: <-Volver al inicio
A2: =Entidades!$A$1 -> Entidad | B2: =Entidades!A14 -> VariableCognitiva
A3: =Entidades!$B$1 -> Desripción | B3: =Entidades!B14 -> Entidad que contiene la información de las variables cognitivas
A4: Atributos
A5: Nombre | B5: Tipo de dato | C5: Longitud | D5: Cantidad dígitos parte entera | E5: Cantidad dígitos parte decimal (Precisión) | F5: ¿Es autoincremento? | G5: ¿Es obligatorio? | H5: ¿Es llave primeria o es parte de ella? | I5: Llave Foránea | L5: Restricciones de unicidad | N5: Restricciones de chequeo | P5: Restricciones de índice | S5: Alias | T5: Descripción del campo
I6: ¿Es llave foránea? | J6: Entidad | K6: Columna(s) | L6: ¿Posee restricción de unicidad o es parte de ella? | M6: Nombre restricción unicidad a la que pertenece | N6: ¿Posee restricción de chequeo o es parte de ella? | O6: Nombre restricción chequeo a la que pertenece | P6: ¿Posee restricción de índice o es parte de ella? | Q6: Tipo | R6: Nombre restricción índice a la que pertenece
A7: id | B7: UUID | F7: NO | G7: SI | H7: SI | I7: NO | L7: NO | N7: NO | P7: NO | R7: NO | T7: Id del registro
A8: activa | B8: BOOLEAN | F8: NO | G8: SI | H8: NO | I8: NO | L8: NO | N8: NO | P8: NO | R8: NO | T8: Estado de activación de la variable
A9: nombre | B9: VARCHAR | C9: 200 | F9: NO | G9: SI | H9: NO | I9: NO | L9: SI | M9: CCVariableCognitiva001UQ | N9: SI | O9: CCVariableCognitiva001CHK | P9: NO | R9: NO | T9: Nombre de la variable cognitiva
A10: descripcion | B10: VARCHAR | C10: 200 | F10: NO | G10: SI | H10: NO | I10: NO | L10: SI | M10: CCVariableCognitiva002UQ | N10: SI | O10: CCVariableCognitiva002CHK | P10: NO | R10: NO | T10: descripción de la variable cognitiva

Sheet AsignacionVariable
A1: <-Volver al inicio
A2: =Entidades!$A$1 -> Entidad | B2: =Entidades!A15 -> AsignacionVariable
A3: =Entidades!$B$1 -> Desripción | B3: =Entidades!B15 -> Entidad que contiene la información de las variables cognitivas asignadas al entrenamiento
A4: Atributos
A5: Nombre | B5: Tipo de dato | C5: Longitud | D5: Cantidad dígitos parte entera | E5: Cantidad dígitos parte decimal (Precisión) | F5: ¿Es autoincremento? | G5: ¿Es obligatorio? | H5: ¿Es llave primeria o es parte de ella? | I5: Llave Foránea | L5: Restricciones de unicidad | N5: Restricciones de chequeo | P5: Restricciones de índice | S5: Alias | T5: Descripción del campo
I6: ¿Es llave foránea? | J6: Entidad | K6: Columna(s) | L6: ¿Posee restricción de unicidad o es parte de ella? | M6: Nombre restricción unicidad a la que pertenece | N6: ¿Posee restricción de chequeo o es parte de ella? | O6: Nombre restricción chequeo a la que pertenece | P6: ¿Posee restricción de índice o es parte de ella? | Q6: Tipo | R6: Nombre restricción índice a la que pertenece
A7: id | B7: UUID | F7: NO | G7: SI | H7: SI | I7: NO | L7: NO | N7: NO | P7: NO | R7: NO | T7: Id del registro
A8: entrenamientoCognitivo | B8: UUID | F8: NO | G8: SI | H8: NO | I8: SI | J8: EntrenamientoCognitivo | K8: id | L8: NO | M8: CCAsignacionVariable001UQ | N8: NO | P8: NO | R8: NO | T8: Id del entrenamiento cognitivo al que pertenece
A9: tipoVariableCognitiva | B9: UUID | F9: NO | G9: SI | H9: NO | I9: SI | J9: VariableCognitiva | K9: id | L9: SI | M9: CCAsignacionVariable001UQ | N9: NO | P9: NO | R9: NO | T9: Id de la variable cognitiva asignada
A10: estado | B10: UUID | F10: NO | G10: SI | H10: NO | I10: SI | J10: Estado | K10: id | L10: SI | N10: NO | P10: NO | R10: NO | T10: Estado actual de la asignación
A11: nivelInicial | B11: JSONB | F11: NO | G11: SI | H11: NO | I11: NO | L11: NO | N11: NO | P11: NO | R11: NO | T11: JSONB del nivel inicial de la variable
A12: metricas | B12: JSONB | F12: NO | G12: SI | H12: NO | I12: NO | L12: NO | N12: NO | P12: NO | R12: NO | T12: JSONB de las metricas de la variable

Sheet SesionEntrenamiento
A1: <-Volver al inicio
A2: =Entidades!$A$1 -> Entidad | B2: =Entidades!A16 -> SesionEntrenamiento
A3: =Entidades!$B$1 -> Desripción | B3: =Entidades!B16 -> Entidad que contiene la información de las sesiones de entrenamiento
A4: Atributos
A5: Nombre | B5: Tipo de dato | C5: Longitud | D5: Cantidad dígitos parte entera | E5: Cantidad dígitos parte decimal (Precisión) | F5: ¿Es autoincremento? | G5: ¿Es obligatorio? | H5: ¿Es llave primeria o es parte de ella? | I5: Llave Foránea | L5: Restricciones de unicidad | N5: Restricciones de chequeo | P5: Restricciones de índice | S5: Alias | T5: Descripción del campo
I6: ¿Es llave foránea? | J6: Entidad | K6: Columna(s) | L6: ¿Posee restricción de unicidad o es parte de ella? | M6: Nombre restricción unicidad a la que pertenece | N6: ¿Posee restricción de chequeo o es parte de ella? | O6: Nombre restricción chequeo a la que pertenece | P6: ¿Posee restricción de índice o es parte de ella? | Q6: Tipo | R6: Nombre restricción índice a la que pertenece
A7: id | B7: UUID | F7: NO | G7: SI | H7: SI | I7: NO | L7: NO | N7: NO | P7: NO | R7: NO | T7: Id del registro
A8: asignacionVariable | B8: UUID | F8: NO | G8: SI | H8: NO | I8: SI | J8: AsignacionVariable | K8: id | L8: SI | M8: CCSesionEntrenamiento001UQ | N8: NO | P8: NO | R8: NO | T8: Id de la asignacion
A9: estado | B9: UUID | F9: NO | G9: SI | H9: NO | I9: SI | J9: Estado | K9: id | L9: NO | N9: NO | P9: NO | R9: NO | T9: Id del estado de la sesion
A10: numeroSesion | B10: INT | F10: SI | G10: SI | H10: NO | I10: NO | L10: SI | M10: CCSesionEntrenamiento001UQ | N10: NO | P10: NO | R10: NO | T10: Numero de la sesion
A11: fechaInicio | B11: TIMESTAMP | F11: NO | G11: SI | H11: NO | I11: NO | L11: NO | N11: NO | P11: NO | R11: NO | T11: Fecha de inicio de la sesion
A12: fechaFin | B12: TIMESTAMP | F12: NO | G12: SI | H12: NO | I12: NO | L12: NO | N12: SI | O12: CCSesionEntrenamiento001CHK | P12: NO | R12: NO | T12: Fecha de fin de la sesion
A13: observacion | B13: VARCHAR | C13: 500 | F13: NO | G13: SI | H13: NO | I13: NO | L13: NO | N13: NO | P13: NO | R13: NO | T13: Observaciones que anote el entrenador para esta sesion
