Workbook

Sheet Modelo de dominio

Sheet Objetos de Dominio
A1: Nombre | B1: Datos de muestro | C1: Descripción
A2: Estudiante | B2: Enlace | C2: Objeto de dominio correspondiente a los estudiantes registrados en la aplicación Cognicare
A3: Entrenador | B3: Enlace | C3: Objeto de dominio correspondiente a los entrenadores de la aplicación Cognicare
A4: Administrador | B4: Enlace | C4: Objeto de dominio correspondiente a los administrador de la aplicación Cognicare
A5: Estudiante Programa | B5: Enlace | C5: Objeto de dominio que contiene a los estudiantes por programa
A6: Entrenador Facultad | B6: Enlace | C6: Objeto de dominio que contiene a los entrenadores por facultad
A7: Entrenador Entrenamiento | B7: Enlace | C7: Objeto de dominio que corresponde a la tabla intermedia de la relación de muchos a muchos entre entrenador y entrenamiento cognitivo
A8: Entrenamiento Cognitivo | B8: Enlace | C8: Objeto de dominio encargado de contener el plan de entrenamiento que desarrolla el estudiante
A9: Sesión Entrenamiento | B9: Enlace | C9: Objeto de dominio que contiene las sesiones de entrenamiento creadas
A10: Asignación Variable Cognitiva | B10: Enlace | C10: Objeto de dominio el cual representa cuales serán las variables que tendrá que realizar el estudiante
A11: Variable Cognitiva | B11: Enlace | C11: Objeto de dominio que contiene las variables cognitivas de la aplicación
A12: Tipo Documento | B12: Enlace | C12: Objeto de dominio que contiene los diferentes tipos de documentos de identificación
... A16: Genero | B16: Enlace | C16: Objeto que contiene el género.

Sheet Estudiante
A1: <- Volver al inicio
A2: Identificador | B2: Nombres | C2: Apellidos | D2: Tipo Documento | E2: Número Documento | F2: Genero | G2: Fecha Nacimiento | H2: Correo | I2: Estado | J2: Combinación Única | K2: Combinación Única
A3: 2fd88624-547b-4007-a9c4-10281c7851d6 | B3: Julián | C3: Alvares | D3: ='Tipo Documento'!B3 -> CC | E3: 132103265 | F3: =Genero!C4 -> Masculino | G3: 36157 | H3: =_xlfn.CONCAT(B3,"@uco.net.co") -> Julián@uco.net.co | I3: =Estado!$D$6 -> Activo | J3: =_xlfn.CONCAT(D3,"-",E3) -> CC-132103265 | K3: =H3 -> Julián@uco.net.co
A4: d46b3d71-994e-45e2-8355-15d2f14ae6ee | B4: Juan | C4: Valencia | D4: ='Tipo Documento'!B4 -> TI | E4: 93092010 | F4: =Genero!C4 -> Masculino | G4: 36158 | H4: =_xlfn.CONCAT(B4,"@uco.net.co") -> Juan@uco.net.co | I4: =Estado!$D$6 -> Activo | J4: =_xlfn.CONCAT(D4,"-",E4) -> TI-93092010 | K4: =H4 -> Juan@uco.net.co
A5: 97d1029f-169b-48c4-a1cd-6e2371f01542 | B5: Juana | C5: Zapata | D5: CE | E5: 1043759354 | F5: =Genero!C5 -> Otro | G5: 36159 | H5: =_xlfn.CONCAT(B5,"@uco.net.co") -> Juana@uco.net.co | I5: =Estado!$D$6 -> Activo | J5: =_xlfn.CONCAT(D5,"-",E5) -> CE-1043759354 | K5: =H5 -> Juana@uco.net.co

Sheet Entrenador
A1: <- Volver al inicio
A2: Identificador | B2: Nombres | C2: Apellidos | D2: Tipo Documento | E2: Número Documento | F2: Estado | G2: Fecha Inicio | H2: Fecha Fin | I2: Correo | J2: Combinación Única | K2: Combinación Única
A3: d92712b5-5726-4b48-bf2d-24574e18f0a0 | B3: Santiago | C3: Restrepo | D3: ='Tipo Documento'!$B$3 -> CC | E3: 651819461 | F3: =Estado!B6 -> Activo | G3: 45607 | H3: 45782 | I3: =_xlfn.CONCAT(B3,C3,"@uco.net.co") -> SantiagoRestrepo@uco.net.co | J3: =_xlfn.CONCAT(D3,"-",E3) -> CC-651819461 | K3: =I3 -> SantiagoRestrepo@uco.net.co
A4: ea9413d6-0321-42c6-90e8-926b55cfeb79 | B4: María | C4: Ramírez | D4: ='Tipo Documento'!$B$3 -> CC | E4: 982613454 | F4: =Estado!B7 -> Inactivo | G4: 45323 | H4: 45483 | I4: =_xlfn.CONCAT(B4,C4,"@uco.net.co") -> MaríaRamírez@uco.net.co | J4: =_xlfn.CONCAT(D4,"-",E4) -> CC-982613454 | K4: =I4 -> MaríaRamírez@uco.net.co
A5: dfc7c77c-d686-4be3-a7c8-a8bdfed34041 | B5: Juan | C5: Cardona | D5: ='Tipo Documento'!$B$3 -> CC | E5: 320351680 | F5: =Estado!B6 -> Activo | G5: 45691 | H5: 45828 | I5: =_xlfn.CONCAT(B5,C5,"@uco.net.co") -> JuanCardona@uco.net.co | J5: =_xlfn.CONCAT(D5,"-",E5) -> CC-320351680 | K5: =I5 -> JuanCardona@uco.net.co

Sheet Administrador
A1: <- Volver al inicio
A2: Identificador | B2: Nombres | C2: Apellidos | D2: Tipo Documento | E2: Número Documento | F2: Fecha Inicio | G2: Fecha Fin | H2: Estado | I2: Combinación Única
A3: 22007c0d-594a-47b2-855a-d62c3bb4dee4 | B3: Santiago | C3: Restrepo | D3: ='Tipo Documento'!D3 -> CC | E3: 9498129834 | F3: 45607 | G3: 45782 | H3: =Estado!B6 -> Activo | I3: =_xlfn.CONCAT(D3,"-",E3) -> CC-9498129834
A4: bd693677-20ae-4145-ba61-b209d6fb048c | B4: María | C4: Ramírez | D4: ='Tipo Documento'!D3 -> CC | E4: 9132891283 | F4: 45323 | G4: 45483 | H4: =Estado!B7 -> Inactivo | I4: =_xlfn.CONCAT(D4,"-",E4) -> CC-9132891283

Sheet Estudiante Programa
A1: <- Volver al inicio
A2: Identificador | B2: Estudiante | C2: Programa | D2: Combinación Única
A3: 2fd88624-547b-4007-a9c4-10281c7851d6 | B3: =Estudiante!J3 -> CC-132103265 | C3: =Programa!F3 -> Ingeniería de Sistemas | D3: =_xlfn.CONCAT(B3,"-",C3) -> CC-132103265-Ingeniería de Sistemas
A4: d46b3d71-994e-45e2-8355-15d2f14ae6ee | B4: =Estudiante!J4 -> TI-93092010 | C4: =Programa!F4 -> Derecho | D4: =_xlfn.CONCAT(B4,"-",C4) -> TI-93092010-Derecho
A5: 97d1029f-169b-48c4-a1cd-6e2371f01542 | B5: =Estudiante!J5 -> CE-1043759354 | C5: =Programa!F5 -> Trabajo Social | D5: =_xlfn.CONCAT(B5,"-",C5) -> CE-1043759354-Trabajo Social

Sheet Entrenador Facultad
A1: <- Volver al inicio
A2: Identificador | B2: Entrenador | C2: Facultad | D2: Combinación Única
A3: db4521de-f79c-4372-bb53-08e715b19906 | B3: =Entrenador!J3 -> CC-651819461 | C3: =Facultad!C3 -> Ciencias Exactas | D3: =_xlfn.CONCAT(B3,"-",C3) -> CC-651819461-Ciencias Exactas
A4: 19b0ea75-1dd0-4e6d-9dfb-c384837590c3 | B4: =Entrenador!J4 -> CC-982613454 | C4: =Facultad!C4 -> Derecho | D4: =_xlfn.CONCAT(B4,"-",C4) -> CC-982613454-Derecho
A5: 135aa30f-fef2-41db-9944-67ccacb6336d | B5: =Entrenador!J5 -> CC-320351680 | C5: =Facultad!C5 -> Ciencias Sociales | D5: =_xlfn.CONCAT(B5,"-",C5) -> CC-320351680-Ciencias Sociales

Sheet Entrenador Entrenamiento
A1: <- Volver al inicio
A2: Identificador | B2: Entrenador | C2: Entrenamiento Cognitivo | D2: Combinación Única
A3: 2fd88624-547b-4007-a9c4-10281c7851d6 | B3: =Entrenador!J3 -> CC-651819461 | C3: ='Entrenamiento Cognitivo'!F3 -> CC-132103265 | D3: =_xlfn.CONCAT(B3,"-",C3) -> CC-651819461-CC-132103265
A4: d46b3d71-994e-45e2-8355-15d2f14ae6ee | B4: =Entrenador!J4 -> CC-982613454 | C4: ='Entrenamiento Cognitivo'!F4 -> TI-93092010 | D4: =_xlfn.CONCAT(B4,"-",C4) -> CC-982613454-TI-93092010
A5: 97d1029f-169b-48c4-a1cd-6e2371f01542 | B5: =Entrenador!J5 -> CC-320351680 | C5: ='Entrenamiento Cognitivo'!F5 -> CE-1043759354 | D5: =_xlfn.CONCAT(B5,"-",C5) -> CC-320351680-CE-1043759354

Sheet Entrenamiento Cognitivo
A1: <- Volver al inicio
A2: Identificador | B2: Estudiante | C2: Fecha Inicio | D2: Fecha Fin | E2: Estado | F2: Combinación Única
A3: 4e059c13-0002-442a-8eba-829088e501d9 | B3: =_xlfn.CONCAT(Estudiante!J3) -> CC-132103265 | C3: 45574 | D3: 45972 | E3: =Estado!D4 -> En Progreso | F3: =_xlfn.CONCAT(B3) -> CC-132103265
A4: af918fe6-cbec-4ee6-8e59-dde887fe4626 | B4: =_xlfn.CONCAT(Estudiante!J4) -> TI-93092010 | C4: 45574 | D4: 45607 | E4: =Estado!D3 -> Finalizado | F4: =_xlfn.CONCAT(B4) -> TI-93092010
A5: f8190410-f4f6-4e40-8eb5-51d196c69714 | B5: =_xlfn.CONCAT(Estudiante!J5) -> CE-1043759354 | C5: 45574 | D5: 45966 | E5: =Estado!D5 -> Abandonado | F5: =_xlfn.CONCAT(B5) -> CE-1043759354

Sheet Asignación Variable Coginitiva
A1: <- Volver al inicio
A2: Identificador | B2: Entrenamiento cognitivo | C2: Tipo Variable Cognitiva | D2: Progreso | E2: Métricas | F2: Estado Variable Cognitiva | G2: Combinación única
A3: 04269e32-c3e0-4523-ba89-75b9f65f06d9 | B3: ='Entrenamiento Cognitivo'!$F$3 -> CC-132103265 | C3: ='Variable Cognitiva'!E6 -> Control inhibitorio | D3: { "tarea": 3, "nivel realizado": 2 } | E3: { "categoría":"y" "tarea": 1, "nivel":1, "total_aciertos":145, "total_errores":5, "estado": "superado" }, { "categoría":"y" "tarea": 1, "nivel":2, "total_aciertos":145, "total_errores":50, "estado": "fallido" }, | F3: =Estado!D4 -> En Progreso | G3: =_xlfn.CONCAT(B3,"-",C3) -> CC-132103265-Control inhibitorio
A4: 352581fa-154a-44d3-9a6b-45464ecc94ea | B4: ='Entrenamiento Cognitivo'!$F$3 -> CC-132103265 | C4: ='Variable Cognitiva'!E4 -> Lectura Critica | D4: { "tarea": 1, "nivel realizado": 3 } | E4: { "categoría":"decodificación" "tarea": 1, "nivel":1, "total_aciertos":3, "total_errores":0, "estado": "superado" } | F4: =Estado!D4 -> En Progreso | G4: =_xlfn.CONCAT(B4,"-",C4) -> CC-132103265-Lectura Critica
A5: f8190410-f4f6-4e40-8eb5-51d196c69714 | B5: ='Entrenamiento Cognitivo'!$F$3 -> CC-132103265 | C5: ='Variable Cognitiva'!E5 -> Razonamiento Cuantitativo | D5: { "tarea": 1, "nivel realizado": 1 } | E5: { "categoría":"razonamiento lógico" "tarea": 1, "nivel":1, "total_aciertos":16, "total_errores":4, "estado": "superado" } | F5: =Estado!D5 -> Abandonado | G5: =_xlfn.CONCAT(B5,"-",C5) -> CC-132103265-Razonamiento Cuantitativo

Sheet Sesion Entrenamiento
A1: <- Volver al inicio
A2: Identificador | B2: Asignación Variable Cognitiva | C2: Número Sesión | D2: Fecha Inicio | E2: Fecha Fin | F2: Observación | G2: Estado | H2: Combinacíon Unica
A3: 4e059c13-0002-442a-8eba-829088e501d9 | B3: ='Asignación Variable Coginitiva'!$A$3 -> 04269e32-c3e0-4523-ba89-75b9f65f06d9 | C3: 1 | D3: 14-03-2024 12:00 | E3: 14-03-2024 13:00 | F3: Texto libre para el entrenador | G3: =Estado!$D$3 -> Finalizado | H3: =_xlfn.CONCAT(B3,"-",C3) -> 04269e32-c3e0-4523-ba89-75b9f65f06d9-1
A4: af918fe6-cbec-4ee6-8e59-dde887fe4626 | B4: ='Asignación Variable Coginitiva'!$A$3 -> 04269e32-c3e0-4523-ba89-75b9f65f06d9 | C4: 2 | D4: 15-03-2024 12:00 | E4: 15-03-2024 13:00 | F4: Texto libre para el entrenador | G4: =Estado!$D$3 -> Finalizado | H4: =_xlfn.CONCAT(B4,"-",C4) -> 04269e32-c3e0-4523-ba89-75b9f65f06d9-2
A5: f8190410-f4f6-4e40-8eb5-51d196c69714 | B5: ='Asignación Variable Coginitiva'!A5 -> f8190410-f4f6-4e40-8eb5-51d196c69714 | C5: 1 | D5: 16-03-2024 12:00 | E5: 16-03-2024 13:00 | F5: Texto libre para el entrenador | G5: =Estado!D5 -> Abandonado | H5: =_xlfn.CONCAT(B5,"-",C5) -> f8190410-f4f6-4e40-8eb5-51d196c69714-1

Sheet Variable Cognitiva
A1: <- Volver al inicio
A2: Identificador | B2: Nombre | C2: Descripción | D2: Activo | E2: Combinación Única | F2: Combinación Única
A3: 5f7b2299-a0b8-4fe7-855c-754486c7d6ab | B3: Procrastinación | C3: Variable Cognitiva de Procrastinación | D3: =Estado!$B$6 -> Activo | E3: =B3 -> Procrastinación | F3: =C3 -> Variable Cognitiva de Procrastinación
A4: f8190410-f4f6-4e40-8eb5-51d196c69714 | B4: Lectura Critica | C4: Variable Cognitiva de Lectura Critica | D4: =Estado!$B$6 -> Activo | E4: =B4 -> Lectura Critica | F4: =C4 -> Variable Cognitiva de Lectura Critica
A5: f0b78c10-c35b-4209-b70f-50b14d2f51d4 | B5: Razonamiento Cuantitativo | C5: Variable Cognitiva de Razonamiento Cuantitativo | D5: =Estado!$B$6 -> Activo | E5: =B5 -> Razonamiento Cuantitativo | F5: =C5 -> Variable Cognitiva de Razonamiento Cuantitativo
A6: 153081f7-1a2a-4f57-8102-18ba6245e6f0 | B6: Control inhibitorio | C6: Variable Cognitiva de Control Inhibitorio | D6: =Estado!$B$6 -> Activo | E6: =B6 -> Control inhibitorio | F6: =C6 -> Variable Cognitiva de Control Inhibitorio

Sheet Tipo Documento
A1: <- Volver al inicio
A2: Identificador | B2: Sigla | C2: Nombre | D2: Combinación única | E2: Combinación única
A3: bc67c415-0130-4359-bd9f-4352e2e0780b | B3: CC | C3: Cedula de Ciudadanía | D3: =B3 -> CC | E3: =C3 -> Cedula de Ciudadanía
A4: 559538ce-ba7a-45fe-b8be-8505d5b261ed | B4: TI | C4: Tarjeta de Identidad | D4: =B4 -> TI | E4: =C4 -> Tarjeta de Identidad
A5: c76019a2-2ad1-42ea-8605-5d45655ff36d | B5: CE | C5: Cedula de Extranjería | D5: =B5 -> CE | E5: =C5 -> Cedula de Extranjería

Sheet Programa
A1: <- Volver al inicio
A2: Identificador | B2: SNIES | C2: Nombre | D2: Facultad | E2: Combinación Única | F2: Combinación Única
A3: ff89caaf-6905-4800-8509-f56e591ba94e | B3: 1885 | C3: Ingeniería de Sistemas | D3: =Facultad!C3 -> Ciencias Exactas | E3: =B3 -> 1885 | F3: =C3 -> Ingeniería de Sistemas
A4: 420636b5-8296-4a42-bd91-b4d75aef4693 | B4: 53539 | C4: Derecho | D4: =Facultad!C4 -> Derecho | E4: =B4 -> 53539 | F4: =C4 -> Derecho
A5: 09b12f03-c7ae-447d-aa10-75e2795da623 | B5: 106586 | C5: Trabajo Social | D5: =Facultad!C5 -> Ciencias Sociales | E5: =B5 -> 106586 | F5: =C5 -> Trabajo Social

Sheet Facultad
A1: <- Volver al inicio
A2: Identificador | B2: Nombre | C2: Combinación Única
A3: 51f48f44-aa08-4d91-9f78-afa1cffeca78 | B3: Ciencias Exactas | C3: =B3 -> Ciencias Exactas
A4: df32d735-830a-46f1-9aa9-78d3af207231 | B4: Derecho | C4: =B4 -> Derecho
A5: 0d4f6c95-db9f-48a4-bf4b-e5d25cdad738 | B5: Ciencias Sociales | C5: =B5 -> Ciencias Sociales

Sheet Estado
A1: <- Volver al inicio
A2: Identificador | B2: Nombre | C2: Código | D2: Combinación Única | E2: Combinación Única
A3: 785ca388-0997-4422-b043-446564a10a90 | B3: Finalizado | C3: F | D3: =_xlfn.CONCAT(B3) -> Finalizado | E3: =_xlfn.CONCAT(C3) -> F
A4: 450cfba6-aba0-4204-9e3a-26a6f55bf3c7 | B4: En Progreso | C4: EP | D4: =_xlfn.CONCAT(B4) -> En Progreso | E4: =_xlfn.CONCAT(C4) -> EP
A5: 4f9cf128-3947-4dcf-bddd-2e1fa1953a0c | B5: Abandonado | C5: AB | D5: =_xlfn.CONCAT(B5) -> Abandonado | E5: =_xlfn.CONCAT(C5) -> AB
A6: be31289d-d84e-4bb4-88f8-8d2f0233e5ac | B6: Activo | C6: A | D6: =_xlfn.CONCAT(B6) -> Activo | E6: =_xlfn.CONCAT(C6) -> A
A7: 7c021ad0-18f2-4d5e-b3d8-a6d5d77788c4 | B7: Inactivo | C7: I | D7: =_xlfn.CONCAT(B7) -> Inactivo | E7: =_xlfn.CONCAT(C7) -> I
A8: fae14f9d-221e-4009-85fc-52808572b6ea | B8: No Aplica | C8: NP | D8: =_xlfn.CONCAT(B8) -> No Aplica | E8: =_xlfn.CONCAT(C8) -> NP
A9: fae14f9d-221e-4009-85fc-52808572b6ea | B9: Repetir | C9: R | D9: =_xlfn.CONCAT(B9) -> Repetir | E9: =_xlfn.CONCAT(C9) -> R

Sheet Genero
A1: <- Volver al inicio
A2: Identificador | B2: Nombre | C2: Combinación Única
A3: bc67c415-0130-4359-bd9f-4352e2e0780b | B3: Femenino | C3: =B3 -> Femenino
A4: 559538ce-ba7a-45fe-b8be-8505d5b261ed | B4: Masculino | C4: =B4 -> Masculino
A5: c76019a2-2ad1-42ea-8605-5d45655ff36d | B5: Otro | C5: =B5 -> Otro
